feat size,coo 8-head,coo,csr 8-head,csr
1,28.246220098568013,9.187831981474519,20.953567878155507,8.022253994802188
2,52.6199477583912,12.663641175444443,38.97620968069116,16.026179088528487
4,85.62500644668745,21.814409945259637,72.78812489208532,31.827530587574113
8,99.62933949727623,32.00251094063851,103.17132639874966,57.998841595008365
16,107.51031986540019,58.74508558078274,138.35952452459,92.67385755314122
32,100.91489656812728,91.12507624875383,147.29511429370055,155.9931099682231
64,101.6714769172727,102.60668808588721,166.44039494245496,200.98516700106137
128,100.752314690512,108.10804630336013,185.9393274334251,232.73850198837687
