feat size,coo 8-head,coo,csr 8-head,csr
1,28.42359788756815,9.24956835263297,21.05854786868216,8.090666732593517
2,52.782213197394114,12.72013539853857,39.12671069496844,16.090203115367437
4,85.68208874874372,21.94139350498764,73.01780300408649,32.12352935798209
8,99.82437570342806,32.05782996591007,103.36866774523584,58.41914958822561
16,107.52351831851342,59.164017261108725,138.52098071315345,95.36336878129526
32,100.87227688931985,91.35819811664004,147.35776457281102,157.14127825382656
64,101.64489771464515,102.77953697696519,166.45337642560494,202.00704860762104
128,100.72144604513929,108.23098041582965,185.95610114552568,233.4259129880867
