feat size,coo 8-head,coo,csr 8-head,csr
1,37.650847252656874,31.827498076866885,18.570269753197163,3.532614595302207
2,66.91280068236135,48.98848109791959,26.845253109499847,7.1267047705138715
4,127.39758173776497,84.04947132807706,49.747102844750835,13.875326391695895
8,167.91217603110547,106.52315190872366,89.99108258052742,27.63849356443827
16,167.03314580884117,107.73058978096587,115.63448032629714,56.52063565116574
32,93.22160320550711,95.40725933394906,95.83604199000604,107.017753390858
64,88.16002561587909,51.737518222535584,102.66337563643935,162.73765942103458
128,43.785138400480534,35.548835076898875,106.55902906189436,187.88578825457412
